n_nodes,n_edges,time_ACO,time_BF,speedup,tested_path_ACO,tested_path_BF,best_cost_path_ACO,best_cost_path_BF,best_path_ACO,best_path_BF
14,70,0.10707926750183105,2.6620848178863525,24.860879981653135,1000,172611,44,40,"[8, 10, 9, 5, 6, 2, 13, 11, 3, 12, 0, 7, 4, 1]","[4, 1, 0, 7, 2, 13, 11, 9, 5, 8, 3, 12, 10, 6]"
14,70,0.108,2.666,24.649,1000,172611,44,40,"[8, 10, 9, 5, 6, 2, 13, 11, 3, 12, 0, 7, 4, 1]","[4, 1, 0, 7, 2, 13, 11, 9, 5, 8, 3, 12, 10, 6]"
14,70,0.106,2.759,26.042,1000,172611,44,40,"[8, 10, 9, 5, 6, 2, 13, 11, 3, 12, 0, 7, 4, 1]","[4, 1, 0, 7, 2, 13, 11, 9, 5, 8, 3, 12, 10, 6]"
14,70,0.141,2.757,19.590,1000,172611,44,40,"[8, 10, 9, 5, 6, 2, 13, 11, 3, 12, 0, 7, 4, 1]","[4, 1, 0, 7, 2, 13, 11, 9, 5, 8, 3, 12, 10, 6]"
14,70,0.084,2.575,30.613,1000,172611,44,40,"[8, 10, 9, 5, 6, 2, 13, 11, 3, 12, 0, 7, 4, 1]","[4, 1, 0, 7, 2, 13, 11, 9, 5, 8, 3, 12, 10, 6]"
14,70,0.186,2.582,13.897,1000,172611,44,40,"[8, 10, 9, 5, 6, 2, 13, 11, 3, 12, 0, 7, 4, 1]","[4, 1, 0, 7, 2, 13, 11, 9, 5, 8, 3, 12, 10, 6]"
14,70,0.113,2.504,22.220,1000,172611,44,40,"[8, 10, 9, 5, 6, 2, 13, 11, 3, 12, 0, 7, 4, 1]","[4, 1, 0, 7, 2, 13, 11, 9, 5, 8, 3, 12, 10, 6]"
